{
  "playerStart": {
    "x": 391,
    "y": 765,
    "angle": 270
  },
  "checkpoints": [],
  "style": {
    "platformTopColor": "rgb(195,60,91)",
    "platformSideColor": "rgb(195,60,91)",
    "wallTopColor": "rgba(125,94,49)",
    "wallSideColor": "rgba(125,94,49)",
    "endZoneTopColor": "rgba(255,218,98)",
    "endZoneSideColor": "rgb(255,218,97)",
    "backgroundColor": "rgb(192,195,211)",
    "playerColor": "rgba(239,238,236)",
    "directLight": "rba(128,128,128)",
    "ambientLight": "rba(170,191,197)",
    "platformHeight": 25,
    "wallHeight": 50,
    "lightDirection": 180,
    "lightPitch": 45
  },
  "platforms": [
    {
      "x": 350,
      "y": 60,
      "width": 100,
      "height": 100,
      "angle": 45,
      "angleRad": 0.7853981633974483,
      "endzone": 1,
      "wall": 0,
      "hypotenuse": 70.71067811865476,
      "corners": [
        [
          -70.71067811865476,
          7.105427357601002e-15
        ],
        [
          7.105427357601002e-15,
          70.71067811865476
        ],
        [
          70.71067811865476,
          -7.105427357601002e-15
        ],
        [
          -7.105427357601002e-15,
          -70.71067811865476
        ]
      ],
      "cornersSorted": [
        [
          -70.71067811865476,
          7.105427357601002e-15
        ],
        [
          -7.105427357601002e-15,
          -70.71067811865476
        ],
        [
          7.105427357601002e-15,
          70.71067811865476
        ],
        [
          70.71067811865476,
          -7.105427357601002e-15
        ]
      ],
      "leftMostCornerX": 279.28932188134524,
      "leftMostCornerY": 60.00000000000001,
      "rightMostCornerX": 420.71067811865476,
      "rightMostCornerY": 59.99999999999999,
      "topCornerX": 350,
      "topCornerY": -10.710678118654755,
      "botCornerX": 350,
      "botCornerY": 130.71067811865476,
      "occludes": []
    },
    {
      "x": 390,
      "y": 765,
      "width": 250,
      "height": 180,
      "angle": 0,
      "angleRad": 0,
      "endzone": 0,
      "wall": 0,
      "hypotenuse": 154.02921800749363,
      "corners": [
        [
          -125,
          90
        ],
        [
          125,
          90
        ],
        [
          125,
          -90
        ],
        [
          -125,
          -90
        ]
      ],
      "cornersSorted": [
        [
          -125,
          90
        ],
        [
          -125,
          -90
        ],
        [
          125,
          90
        ],
        [
          125,
          -90
        ]
      ],
      "leftMostCornerX": 265,
      "leftMostCornerY": 855,
      "rightMostCornerX": 515,
      "rightMostCornerY": 675,
      "topCornerX": 265,
      "topCornerY": 675,
      "botCornerX": 515,
      "botCornerY": 855,
      "occludes": []
    },
    {
      "x": 395,
      "y": 580,
      "width": 205,
      "height": 110,
      "angle": 0,
      "angleRad": 0,
      "endzone": 0,
      "wall": 0,
      "hypotenuse": 116.32390124131841,
      "corners": [
        [
          -102.5,
          55
        ],
        [
          102.5,
          55
        ],
        [
          102.5,
          -55
        ],
        [
          -102.5,
          -55
        ]
      ],
      "cornersSorted": [
        [
          -102.5,
          55
        ],
        [
          -102.5,
          -55
        ],
        [
          102.5,
          55
        ],
        [
          102.5,
          -55
        ]
      ],
      "leftMostCornerX": 292.5,
      "leftMostCornerY": 635,
      "rightMostCornerX": 497.5,
      "rightMostCornerY": 525,
      "topCornerX": 292.5,
      "topCornerY": 525,
      "botCornerX": 497.5,
      "botCornerY": 635,
      "occludes": []
    },
    {
      "x": 495,
      "y": 245,
      "width": 275,
      "height": 50,
      "angle": 45,
      "angleRad": 0.7853981633974483,
      "endzone": 0,
      "wall": 1,
      "hypotenuse": 139.75424859373686,
      "corners": [
        [
          -114.90485194281398,
          -79.54951288348659
        ],
        [
          79.5495128834866,
          114.90485194281396
        ],
        [
          114.90485194281398,
          79.54951288348659
        ],
        [
          -79.5495128834866,
          -114.90485194281396
        ]
      ],
      "cornersSorted": [
        [
          -114.90485194281398,
          -79.54951288348659
        ],
        [
          -79.5495128834866,
          -114.90485194281396
        ],
        [
          79.5495128834866,
          114.90485194281396
        ],
        [
          114.90485194281398,
          79.54951288348659
        ]
      ],
      "leftMostCornerX": 380.095148057186,
      "leftMostCornerY": 165.45048711651341,
      "rightMostCornerX": 609.9048519428139,
      "rightMostCornerY": 324.5495128834866,
      "topCornerX": 415.4504871165134,
      "topCornerY": 130.09514805718604,
      "botCornerX": 574.5495128834866,
      "botCornerY": 359.90485194281393,
      "occludes": [
        0
      ]
    },
    {
      "x": 345,
      "y": 225,
      "width": 40,
      "height": 200,
      "angle": -45,
      "angleRad": -0.7853981633974483,
      "endzone": 0,
      "wall": 0,
      "hypotenuse": 101.9803902718557,
      "corners": [
        [
          56.56854249492379,
          84.8528137423857
        ],
        [
          84.85281374238569,
          56.568542494923804
        ],
        [
          -56.56854249492379,
          -84.8528137423857
        ],
        [
          -84.85281374238569,
          -56.568542494923804
        ]
      ],
      "cornersSorted": [
        [
          -84.85281374238569,
          -56.568542494923804
        ],
        [
          -56.56854249492379,
          -84.8528137423857
        ],
        [
          56.56854249492379,
          84.8528137423857
        ],
        [
          84.85281374238569,
          56.568542494923804
        ]
      ],
      "leftMostCornerX": 260.1471862576143,
      "leftMostCornerY": 168.4314575050762,
      "rightMostCornerX": 429.8528137423857,
      "rightMostCornerY": 281.5685424949238,
      "topCornerX": 288.4314575050762,
      "topCornerY": 140.1471862576143,
      "botCornerX": 401.5685424949238,
      "botCornerY": 309.8528137423857,
      "occludes": [
        0,
        9
      ]
    },
    {
      "x": 290,
      "y": 280,
      "width": 40,
      "height": 200,
      "angle": -45,
      "angleRad": -0.7853981633974483,
      "endzone": 0,
      "wall": 0,
      "hypotenuse": 101.9803902718557,
      "corners": [
        [
          56.56854249492379,
          84.8528137423857
        ],
        [
          84.85281374238569,
          56.568542494923804
        ],
        [
          -56.56854249492379,
          -84.8528137423857
        ],
        [
          -84.85281374238569,
          -56.568542494923804
        ]
      ],
      "cornersSorted": [
        [
          -84.85281374238569,
          -56.568542494923804
        ],
        [
          -56.56854249492379,
          -84.8528137423857
        ],
        [
          56.56854249492379,
          84.8528137423857
        ],
        [
          84.85281374238569,
          56.568542494923804
        ]
      ],
      "leftMostCornerX": 205.1471862576143,
      "leftMostCornerY": 223.4314575050762,
      "rightMostCornerX": 374.8528137423857,
      "rightMostCornerY": 336.5685424949238,
      "topCornerX": 233.4314575050762,
      "topCornerY": 195.1471862576143,
      "botCornerX": 346.5685424949238,
      "botCornerY": 364.8528137423857,
      "occludes": [
        6
      ]
    },
    {
      "x": 240,
      "y": 335,
      "width": 40,
      "height": 200,
      "angle": -45,
      "angleRad": -0.7853981633974483,
      "endzone": 0,
      "wall": 0,
      "hypotenuse": 101.9803902718557,